C:\Program Files (x86)\Microsoft Visual Studio 9.0\Common7\IDE\devenv.exe,f8aa57f90b068db329b746141f41e2671a81cd11,unknown,-,2008-07-31 05:31:04,
C:\Windows\SysWOW64\DllHost.exe,ace762c51db1908c858c898d7e0f9b36f788d2d9,unknown,-,2009-07-14 01:14:18,
C:\Windows\SysWOW64\find.exe,53342581bb82420a97bf89692a4927c5cb5ff9e1,unknown,-,2009-07-14 01:14:20,
C:\Windows\system32\find.exe,2ceed7ad775f8e14af35c5cde74bc791172a3bad,unknown,-,2009-07-14 01:14:20,
C:\Windows\SysWOW64\net.exe,9a544e2094273741aa2d3e7ea0af303af2b587ea,unknown,-,2009-07-14 01:14:27,
C:\Windows\system32\net.exe,b25697b250631bb09d27e259a2d280cfa97ca456,unknown,-,2009-07-14 01:14:27,
C:\Windows\SysWOW64\sc.exe,2f2f92b1394c4842d959e3324ca8fabd4e8a23ca,unknown,-,2009-07-14 01:14:35,
C:\Windows\system32\sc.exe,db1f81f5e209fed6df3255f6c820555cf17a839c,unknown,-,2009-07-14 01:14:35,
C:\Windows\SysWOW64\SecEdit.exe,34d5f96143661bcd478658786f7b18be5c20fae9,unknown,-,2009-07-14 01:14:35,
C:\Windows\system32\SecEdit.exe,549be64325b2609e67307de82ba6e74f455e95e9,unknown,-,2009-07-14 01:14:35,
C:\Windows\SysWOW64\EhStorShell.dll,6afbbd5d30c25dc05c66591c584da8e1da03b3f3,unknown,-,2009-07-14 01:15:14,
C:\Windows\System32\control.exe,dbf52360df5bdb85b3db5e1940901d68a7df036a,unknown,-,2009-07-14 01:39:01,
C:\Windows\system32\ctfmon.exe,8ee03b706ea8c0142cd3140ac15f901d479a0b4d,unknown,-,2009-07-14 01:39:02,
C:\Windows\system32\DllHost.exe,e977b87698c3e595d55827665e22fbf788dd3f9f,unknown,-,2009-07-14 01:39:06,
C:\Windows\system32\inetsrv\InetMgr.exe,163b766fb4829c0c6a96f3099392d0bb0d6285cc,unknown,-,2009-07-14 01:39:13,
C:\Windows\system32\iscsicpl.exe,0b7e0c9787577812f7a3c334d411d3e8ffdc1b1b,unknown,-,2009-07-14 01:39:13,
C:\Windows\system32\inetsrv\InetMgr6.exe,d7572c87821506419fde0fdcd287e8687c6c3614,unknown,-,2009-07-14 01:39:13,
C:\Windows\system32\lpremove.exe,6bba8eb7f665954dcce33e0c0e4810b130e621f6,unknown,-,2009-07-14 01:39:16,
C:\Windows\system32\mspaint.exe,3f97dc3bd1467c710c6a8d26b97bb6cf47deb4c6,unknown,-,2009-07-14 01:39:24,
C:\Windows\System32\netsh.exe,be48070856d4a1097b0de1228711593728bb6ee1,unknown,-,2009-07-14 01:39:25,
C:\Windows\system32\odbcad32.exe,1981ddc0acde6bed4de25950720f307a88e16e0f,unknown,-,2009-07-14 01:39:26,
C:\Windows\system32\ServerManagerLauncher.exe,a1c30d22f89ffff8c0da22285730b735b9ea37a7,unknown,-,2009-07-14 01:39:31,
C:\Windows\system32\sc.exe,db1f81f5e209fed6df3255f6c820555cf17a839c,unknown,-,2009-07-14 01:39:35,
C:\Windows\system32\shutdown.exe,f1c76ade438cb46a83961c8c3722d35af8bcdd37,unknown,-,2009-07-14 01:39:40,
C:\Windows\system32\systempropertiesremote.exe,e7b9a58f5bfc1ec321f015641a60978c0c683894,unknown,-,2009-07-14 01:39:47,
C:\Windows\system32\TSTheme.exe,d3d876b63991b8a9ed9eb0da63ea50b05bc927b3,unknown,-,2009-07-14 01:39:48,
C:\Windows\System32\AuditNativeSnapIn.dll,c00ca783f1d21f6780342f8e2171e80fd02b07af,unknown,-,2009-07-14 01:40:04,
C:\Windows\System32\AuthFWGP.dll,b682f54bbed662e93fe83719703c9f2d30de0773,unknown,-,2009-07-14 01:40:04,
C:\Windows\System32\cryptext.dll,41178626e9a555b3f858b19ad58a1f1eefdb828e,unknown,-,2009-07-14 01:40:24,
C:\Windows\System32\dot3gpui.dll,316215700c210fd364314f033b1f6467841a5339,unknown,-,2009-07-14 01:40:32,
C:\Windows\System32\EhStorShell.dll,79c23ce566219f87ade8e55a292aaaabe4a639ec,unknown,-,2009-07-14 01:40:36,
C:\Windows\System32\eqossnap.dll,5c93e0763d838fa6eeed16b0a51ebaafad4a35f8,unknown,-,2009-07-14 01:40:50,
C:\Windows\System32\filemgmt.dll,24f2857391ac967a04f3cf828fc22fe66a468eb5,unknown,-,2009-07-14 01:40:53,
C:\Windows\System32\ipsecsnp.dll,ed45d6d7b7d52d053384a53802023f7f29978d0d,unknown,-,2009-07-14 01:41:10,
C:\Windows\System32\nlmgp.dll,6fe4b96a980ff7540fcb904543b76087f702066b,unknown,-,2009-07-14 01:41:52,
C:\Windows\System32\sendmail.dll,6163fbaf4fd1c64f9227e4df64a76fad75349c5c,unknown,-,2009-07-14 01:41:53,
C:\Windows\System32\PhotoMetadataHandler.dll,061ba0d465214075762f682e9d6025eed5af2c57,unknown,-,2009-07-14 01:41:53,
C:\Windows\System32\wbem\ServDeps.dll,94b69bec0ec020ef301f9c66ba3a092668c4344d,unknown,-,2009-07-14 01:41:54,
C:\Windows\System32\SrpUxNativeSnapIn.dll,ebcca5e556bceade968846c9f7b24186b95cda63,unknown,-,2009-07-14 01:41:54,
C:\Program Files\Microsoft SQL Server\90\Shared\sqlwriter.exe,a8497cd2fe308dda481b1a7b41961efb82059268,unknown,-,2010-04-03 03:00:10,
C:\Program Files\Microsoft SQL Server\MSRS10_50.MSSQLSERVER\Reporting Services\ReportServer\bin\ReportingServicesService.exe,b7e764b0e3c024c4f5ea617c8188da54a6006687,unknown,-,2010-04-03 03:00:14,
C:\Program Files\Microsoft SQL Server\MSSQL10_50.MSSQLSERVER\MSSQL\Binn\fdhost.exe,8b71c5f43c6865f938e08a69ae5ab758cc3c4354,unknown,-,2010-04-03 03:02:52,
C:\Program Files\Microsoft SQL Server\MSSQL10_50.MSSQLSERVER\MSSQL\Binn\fdlauncher.exe,756be360d74a53855edd40fbbfbadda99d0d005c,unknown,-,2010-04-03 03:02:52,
C:\Program Files\Microsoft SQL Server\MSAS10_50.MSSQLSERVER\OLAP\bin\msmdsrv.exe,67957b3d7bb58c20b61ae90fd2680aa6e9bc1b00,unknown,-,2010-04-03 03:02:54,
C:\Program Files\Microsoft SQL Server\100\DTS\Binn\MsDtsSrvr.exe,27533f48049d50187c4ab43b2e3b10b4d3227347,unknown,-,2010-04-03 03:03:10,
C:\Program Files (x86)\Microsoft SQL Server\100\Tools\Binn\VSShell\Common7\IDE\Ssms.exe,e89562c4c477d610aa5950264365c0f399e1af88,unknown,-,2010-04-03 03:56:08,
C:\Program Files (x86)\Microsoft SQL Server\100\DTS\Binn\DTSWizard.exe,990b4f9c162439ef2311c8a08227b71c0cf8f1aa,unknown,-,2010-04-03 03:58:02,
C:\Program Files\Microsoft SQL Server\MSSQL10_50.MSSQLSERVER\MSSQL\Binn\sqlservr.exe,443e66bb1217f7637d6180f904b8ef67a60288b8,unknown,-,2010-04-03 18:00:10,
C:\Program Files\Microsoft SQL Server\100\DTS\Binn\DTSWizard.exe,9dd2c2f62634bc1d8d94b098ed1dfc148cd4a3f1,unknown,-,2010-04-03 18:03:32,
C:\Windows\System32\DeviceCenter.dll,2a35104cfb44a64e2abb5ed7025a44cb00b0f1da,unknown,-,2010-11-21 03:24:02,
C:\Windows\System32\fontext.dll,75c9213971bb6c569edcfab373c81703e3aafa73,unknown,-,2010-11-21 03:24:02,
C:\Windows\System32\mscoree.dll,120d2f9208937f6cac9528813b5b470ba89ace3b,unknown,-,2010-11-21 03:24:02,
C:\Windows\System32\prnfldr.dll,1e77948378474e155307d290b998994f720206bf,unknown,-,2010-11-21 03:24:02,
C:\Windows\SysWOW64\runonce.exe,01d5c03be3573d32ed6f0754b903a0c0b05825db,unknown,-,2010-11-21 03:24:02,
C:\Windows\system32\wusa.exe,a45c5abc6751bc8b9041e5e07923fa4fc1b4542b,unknown,-,2010-11-21 03:24:02,
C:\Windows\System32\mydocs.dll,f39df99211264880a145a86b263bad0289ad363d,unknown,-,2010-11-21 03:24:06,
C:\Windows\servicing\TrustedInstaller.exe,9bc06a0461b5ab060ca8c15292ab73f83f473fc7,unknown,-,2010-11-21 03:24:06,
C:\Windows\System32\napdsnap.dll,4aa7b2ba42e87e7e6b04fdae51ad30e508c94d0d,unknown,-,2010-11-21 03:24:06,
C:\Windows\system32\LogonUI.exe,f5778343588df78fdd55c9cfcd49e5f39f959dd9,unknown,-,2010-11-21 03:24:10,
C:\Windows\system32\findstr.exe,d7eae991863cb3644c0f55fa7d7af4a3e7bb3a92,unknown,-,2010-11-21 03:24:10,
C:\Windows\system32\MdSched.exe,1efc246a157d89ff8800fbe16df08e5dc46a3ae1,unknown,-,2010-11-21 03:24:14,
C:\Windows\system32\msconfig.exe,c9c9c45b7e97bb7a180064d0a1962429f015686d,unknown,-,2010-11-21 03:24:19,
C:\Windows\SysWOW64\net1.exe,387577c0b3b89fefce983dc42cff456a33287035,unknown,-,2010-11-21 03:24:19,
C:\Windows\system32\net1.exe,b885470c69caea77043b96dc1875c346ec3da0b0,unknown,-,2010-11-21 03:24:19,
C:\Windows\bfsvc.exe,2f1113395ca0491080d1092c3636cda6cf711998,unknown,-,2010-11-21 03:24:24,
C:\Windows\system32\taskmgr.exe,e8b4d84a28e5ea17272416ec45726964fdf25883,unknown,-,2010-11-21 03:24:24,
C:\Windows\System32\acppage.dll,8b3b3b55301deb46ad11ca476e99c2807a57814c,unknown,-,2010-11-21 03:24:24,
C:\Windows\System32\remotepg.dll,a4c8fe875f4b11933f8664a18dd82f355cff2f86,unknown,-,2010-11-21 03:24:24,
C:\Windows\System32\certmgr.dll,cc6412eef05b0e08219a82eb665523b558c3d972,unknown,-,2010-11-21 03:24:24,
C:\Windows\system32\userinit.exe,47267f943f060e36604d56c8895a6eece063d9a1,unknown,-,2010-11-21 03:24:25,
C:\Windows\system32\runonce.exe,aa13804416812753b7b2fb2e415fa4f76c8b9cd9,unknown,-,2010-11-21 03:24:25,
C:\Windows\System32\FirewallControlPanel.dll,c0d46500b5110ecee789625dafc09cc7dd6c6aa7,unknown,-,2010-11-21 03:24:25,
c:\windows\system32\inetsrv\w3wp.exe,3530c1f9a98a11026944b93d9da271102ba1d2c8,unknown,-,2010-11-21 03:24:30,
C:\Windows\Microsoft.NET\Framework64\v3.5\csc.exe,2cbcd9050e1dacf29673d1847eef884c89941f2b,unknown,-,2010-11-21 03:25:06,
C:\Program Files (x86)\360\360SafehX\360safe\Sweeper\tracehelper.exe,18e18d2514a66c09b910c23fb14197b7fff725c5,unknown,-,2014-04-22 12:08:02,
C:\Program Files\WinRAR\RarExt.dll,8023bb91fc2ecaad7cfa08ffed1205912154f705,unknown,-,2016-08-18 03:21:20,
C:\Windows\system32\wbem\WMIADAP.EXE,293d52832c2e0b605d91d2a637907cfe702a878e,unknown,-,2017-04-05 13:06:02,
C:\Windows\Microsoft.NET\Framework64\v2.0.50727\aspnet_wp.exe,22d3a4ab16ef8c54c83c44b292e98c5ad3e18809,unknown,-,2017-04-07 13:05:48,
C:\Users\Administrator\AppData\Roaming\360se6\Application\components\sesvc\sesvc.exe,4b7001355c601804d50d0037afa1c8452706f1c6,unknown,-,2017-06-02 10:50:00,
C:\Users\Administrator\AppData\Roaming\360se6\Application\360se.exe,4b6494653e3621ef106672196947b220bd77a378,unknown,-,2017-06-02 13:26:48,
C:\Windows\Microsoft.NET\Framework64\v2.0.50727\vbc.exe,81498ec4a1d49a44fd19de0eedfc76ac1c6b94aa,unknown,-,2017-06-20 13:21:56,
C:\Windows\Microsoft.NET\Framework64\v2.0.50727\RegSvcs.exe,3120fc7b4ae6af24508fe3f2ea920f939bc1289e,unknown,-,2017-06-20 13:21:56,
C:\Windows\Microsoft.NET\Framework64\v2.0.50727\RegAsm.exe,a117b924c5266e02d60b76a05a28d4169f9a5e3e,unknown,-,2017-06-20 13:21:56,
C:\Windows\Microsoft.NET\Framework64\v2.0.50727\ngen.exe,c0de105a451e6da5e27a7c3b1ca40012b469f8f7,unknown,-,2017-06-20 13:21:57,
C:\Windows\Microsoft.NET\Framework64\v2.0.50727\mscorsvw.exe,b37a9ba6d5e15cda096ade7c0b42cefccd18e7dd,unknown,-,2017-06-20 13:21:58,
C:\Windows\Microsoft.NET\Framework64\v2.0.50727\csc.exe,691a1d5bd56c582b6240b0e9c2b1d23ea3b70a0b,unknown,-,2017-06-20 13:21:59,
C:\Windows\Microsoft.NET\Framework64\v2.0.50727\cvtres.exe,2875c22a52f70b377d30e724a507248919b08d5f,unknown,-,2017-06-20 13:21:59,
C:\Windows\Microsoft.NET\Framework\v2.0.50727\cvtres.exe,5fa1b71d68162cfdcad186f4b0a92e243be1ee77,unknown,-,2017-06-20 13:21:59,
C:\Windows\Microsoft.NET\Framework\v2.0.50727\csc.exe,a54b85da440ac226fc4fef7158e9828a43796db7,unknown,-,2017-06-20 13:21:59,
C:\Windows\Microsoft.NET\Framework64\v2.0.50727\ilasm.exe,739fe8f88e95d0cc80f051649ffaaa7d5fb5a734,unknown,-,2017-06-20 13:21:59,
C:\Windows\Microsoft.NET\Framework64\v2.0.50727\dw20.exe,d88dffd93382fa71d9dbff0018df32da251dfc27,unknown,-,2017-06-20 13:21:59,
C:\Windows\Microsoft.NET\Framework64\v2.0.50727\aspnet_regiis.exe,bc72bf24f6048af5be71cb2484f9cbd70b3ad940,unknown,-,2017-06-20 13:21:59,
C:\Windows\Microsoft.NET\Framework64\v2.0.50727\MSBuild.exe,819c24beee1a42ed731b83ca23eddbbbe5d5a35c,unknown,-,2017-06-20 13:22:00,
C:\Windows\Microsoft.NET\Framework64\v2.0.50727\AppLaunch.exe,f7606ad1fc6f66384ce0aace0833623403dc845c,unknown,-,2017-06-20 13:22:00,
C:\Windows\system32\wbem\WMIC.exe,b17325017f99d1634a7b23611fcd048f2b9e2480,unknown,-,2017-06-20 13:22:01,
C:\Windows\SysWOW64\Wbem\wmic.exe,172cefab98013f6a1658b68b42f954bc1659aea6,unknown,-,2017-06-20 13:22:01,
C:\Windows\System32\twext.dll,e8cd7c06ed08a275d806eb179b8d6ffb80706250,unknown,-,2017-06-20 13:22:02,
C:\Windows\SysWOW64\taskkill.exe,2759aa3764186165d9a3b110db8a968f22b1b65b,unknown,-,2017-06-20 13:22:09,
C:\Windows\system32\taskkill.exe,cda3f9f9bbfbc34d1b50c92533e99d886914b37c,unknown,-,2017-06-20 13:22:09,
C:\Windows\system32\tasklist.exe,a52d76181fffe96b56c57f3dbcc71b0ab4195496,unknown,-,2017-06-20 13:22:09,
C:\Windows\system32\taskeng.exe,be68c27d7e837674d3949aab93215f1efd3bf729,unknown,-,2017-06-20 13:22:09,
C:\Windows\system32\svchost.exe,6c002978f8dfd3cb4cc112d158b6d06d8e3e1378,unknown,-,2017-06-20 13:22:10,
C:\Windows\system32\sethc.exe,8ec1228b12929caffb2e3780c538b5c551d8c871,unknown,-,2017-06-20 13:22:10,
C:\Windows\system32\reg.exe,54379e44248bcf4162634ddb82724404b2f8ea2a,unknown,-,2017-06-20 13:22:10,
C:\Windows\SysWOW64\svchost.exe,d7c6c96bd378871308ca045d5ecd016e3a62dbd4,unknown,-,2017-06-20 13:22:10,
C:\Windows\SysWOW64\reg.exe,e49493f27460ee0a6044c56c96d8bc80b821ab65,unknown,-,2017-06-20 13:22:10,
C:\Windows\system32\reg.exe,54379e44248bcf4162634ddb82724404b2f8ea2a,unknown,-,2017-06-20 13:22:10,
C:\Windows\System32\wsecedit.dll,1dc960364aaae48e9f427a2bb63b6d76e47af05d,unknown,-,2017-06-20 13:22:10,
C:\Windows\SysWOW64\networkexplorer.dll,7d219caf0d3981ba77c4f5aa363df81b21b5b23e,unknown,-,2017-06-20 13:22:13,
C:\Windows\System32\networkexplorer.dll,7cbd449908c2c89f5047aff4963c3c446c01b235,unknown,-,2017-06-20 13:22:13,
C:\Windows\System32\wlangpui.dll,28b9c68feb5f936e7ce1a798089e16de1abaded7,unknown,-,2017-06-20 13:22:15,
C:\Windows\System32\els.dll,f9eb145a47358e6a6a9e545c1ca826ed57348d4e,unknown,-,2017-06-20 13:22:16,
C:\Windows\System32\docprop.dll,9923d4d35be858d93a5be894677ce932d5fa74c5,unknown,-,2017-06-20 13:22:19,
C:\Windows\Microsoft.NET\Framework64\v2.0.50727\InstallUtil.exe,4c01cc8777238e0741c4bfc4b51b8f59dd3462b7,unknown,-,2017-06-20 13:22:24,
C:\Windows\System32\rshx32.dll,706b984b0b2e56db3e6cb0c6310a90478d810629,unknown,-,2017-06-20 13:22:24,
C:\Windows\Microsoft.NET\Framework64\v2.0.50727\CasPol.exe,b4b6ed0a9e5c739c8e6cc23c9c5bf9692dff9de5,unknown,-,2017-06-20 13:22:25,
C:\Windows\Microsoft.NET\Framework64\v2.0.50727\aspnet_regsql.exe,a4488284d959d9e923a3ab39ebf18cbf1f6d1e3b,unknown,-,2017-06-20 13:22:25,
C:\Windows\Microsoft.NET\Framework64\v2.0.50727\aspnet_regbrowsers.exe,bf394ca15a85da52ff3a6b95b778be9eb3a3ffe4,unknown,-,2017-06-20 13:22:25,
C:\Windows\Microsoft.NET\Framework64\v2.0.50727\aspnet_compiler.exe,0dcf62313c7774dfb080d617178d42b3d3633d03,unknown,-,2017-06-20 13:22:25,
C:\Windows\SysWOW64\ntshrui.dll,c36aa932a3ffabf09b44e8f5cae7d3f2672e5b81,unknown,-,2017-06-20 13:22:28,
C:\Windows\System32\ntshrui.dll,eadd476bb7ad7870b57532144c0894611274491f,unknown,-,2017-06-20 13:22:28,
C:\Windows\system32\sppsvc.exe,e6fa837342a835daf44b0e088af75bfee43e1c0a,unknown,-,2017-06-20 13:22:29,
C:\Windows\system32\NOTEPAD.EXE,2640c290042e09e041fa76ae8637747e100a5c2c,unknown,-,2017-06-20 13:22:33,
C:\Windows\Explorer.EXE,ec6265c98be125dd8dfb816ed6b7ac5ea8a8f524,unknown,-,2017-06-20 13:22:37,
C:\Windows\SysWOW64\cmd.exe,1a38f3bfebe1ee823dc7893e673fa5a53c1af02c,unknown,-,2017-06-20 13:22:38,
C:\Windows\system32\cmd.exe,5924160dbc013d83a07ef1a9df8503de9bc1e577,unknown,-,2017-06-20 13:22:38,
C:\Windows\system32\cmd.exe,5924160dbc013d83a07ef1a9df8503de9bc1e577,unknown,-,2017-06-20 13:22:38,
C:\Windows\Microsoft.NET\Framework64\v2.0.50727\Ldr64.exe,72352aaa9a7216f2cb9fd84799ee81bb43db9f56,unknown,-,2017-06-20 13:22:43,
C:\Windows\Microsoft.NET\Framework64\v2.0.50727\jsc.exe,95b579b17c0d4d38b671c70a5f0afbeacab600ea,unknown,-,2017-06-20 13:22:43,
C:\Windows\Microsoft.NET\Framework64\v2.0.50727\IEExec.exe,58617df58095c7104ba8d4dbe6241ee17eb1293a,unknown,-,2017-06-20 13:22:44,
C:\Windows\Microsoft.NET\Framework64\v2.0.50727\dfsvc.exe,bab3eae565f28fcdc2b2b3514e51940c0e8296f8,unknown,-,2017-06-20 13:22:44,
C:\Windows\Microsoft.NET\Framework64\v2.0.50727\aspnet_state.exe,b051e475c237f25488b974c8a9dfd41333b1403e,unknown,-,2017-06-20 13:22:44,
C:\Windows\system32\taskhost.exe,431a4e2aadd2119dbbac0413a7da25dc545fd1d2,unknown,-,2017-06-20 13:22:45,
C:\Windows\system32\lsm.exe,6cca5218d409f42791b59b8c9804aca692026efd,unknown,-,2017-06-20 13:22:45,
C:\Windows\system32\vssvc.exe,31183c2924e50074f0014c02f8ff5579b454d094,unknown,-,2017-06-20 13:22:45,
C:\Windows\fveupdate.exe,e1519ffa311d5ecc1c49eeead4dab35a4ec4ddd1,unknown,-,2017-06-20 13:22:46,
C:\Windows\system32\services.exe,7de6ce74303fdebfb21a518f28aa5c3b6b3a6c0d,unknown,-,2017-06-20 13:22:46,
C:\Windows\System32\netcfg.exe,11cdbfff7bc5e98553b6a8a749c54a520f8a0a4b,unknown,-,2017-06-20 13:22:47,
C:\Windows\system32\Dwm.exe,8590d6c80e8d8e5371f48f04c53939b7b3debd09,unknown,-,2017-06-20 13:22:48,
C:\Windows\System32\scrptadm.dll,3d9d9efa3604637925f23437adb6c5c68c1ace7f,unknown,-,2017-06-20 13:22:48,
C:\Windows\System32\AdmTmpl.dll,888229156f47ccd40c6295fd77d7d756c75908da,unknown,-,2017-06-20 13:22:48,
C:\Windows\system32\inetsrv\inetinfo.exe,c687f51d46752327db8d01f7f5ccf8018cc949cf,unknown,-,2017-06-20 13:22:52,
C:\Windows\system32\NETSTAT.EXE,bee15f181fd9f3d953337b2ddcd50a960d1826db,unknown,-,2017-06-20 13:23:09,
C:\Windows\System32\dnscmmc.dll,a331ed29eb317642f5480e5b76fe905aa0964eef,unknown,-,2017-06-20 13:23:09,
C:\Windows\system32\scw.exe,e5fd189575f04f2d7e38fc9cea55c5c85f65cf25,unknown,-,2017-06-20 13:23:35,
C:\Windows\system32\rundll32.exe,dd3247b225a8da3161f76055f31cbc5f64a66086,unknown,-,2017-06-20 14:12:18,
C:\Windows\system32\wbem\wmiprvse.exe,67858ead93feed62c0b1865369840e6e8086f53b,unknown,-,2017-06-20 19:34:38,
C:\Windows\sysWOW64\wbem\wmiprvse.exe,1d875daa26dc9a78fe63b18c9d3f4342b302a34b,unknown,-,2017-06-20 19:34:38,
C:\Windows\System32\WindowsPowerShell\v1.0\powershell.exe,88e7cdc0b75364418e11b2c53f772085f1b61d1e,unknown,-,2017-06-20 19:34:39,
C:\Program Files (x86)\SogouWBInput\3.0.0.1694\ImeUtil.exe,,unknown,FileNotFound,2017-08-01 02:17:12,
C:\Windows\System32\SogouWB.ime,b9b904ad8b80c57665767bf2e8ddc3bd932ff27c,unknown,-,2017-08-01 02:17:14,
C:\Program Files (x86)\SogouWBInput\3.0.0.1694\WubiUp.exe,,unknown,FileNotFound,2017-08-01 02:17:14,
C:\Windows\system32\mmc.exe,262315ae0902cd0923ab1bee5cdd3ec50796daf9,unknown,-,2017-08-13 21:37:59,
C:\Windows\System32\mmcshext.dll,9ffdefe0ff38b0ecddf8e1344af5deac11f83e0b,unknown,-,2017-08-14 17:35:03,
C:\Windows\SysWOW64\shdocvw.dll,01e7d978100643e16fa7eb7223629b588e0ae964,unknown,-,2017-08-19 15:10:53,
C:\Windows\System32\shdocvw.dll,f0a376d385ad4bafe59c3ea0e226e8f7fb8dfec7,unknown,-,2017-08-19 15:28:46,
C:\Program Files (x86)\360\360SafehX\360safe\safemon\sewdzmtc.exe,6636df412a1bd4c90ea2e64e52a3bace58d54d9d,unknown,-,2017-10-11 06:53:56,
C:\Windows\System32\gpedit.dll,2d853375d65064faafff451a3f464e8c17deb64e,unknown,-,2017-10-16 23:04:40,
C:\Program Files (x86)\GovDefence\GovDefenceAgent\7z.exe,,unknown,FileNotFound,2017-12-04 06:33:14,
C:\Windows\System32\spoolsv.exe,a0bb962a6814194033ddd4547cf936b8882c9124,unknown,-,2018-01-01 02:04:05,
C:\Program Files (x86)\GovDefence\GovDefenceAgent\YSUpdate.exe,,unknown,FileNotFound,2018-05-08 08:02:25,
C:\Program Files (x86)\GovDefence\GovDefenceAgent\gov_defence_daemon.exe,,unknown,FileNotFound,2018-05-08 08:02:26,
C:\Program Files (x86)\GovDefence\GovDefenceAgent\gov_defence_service.exe,,unknown,FileNotFound,2018-05-08 08:02:27,
C:\Program Files (x86)\GovDefence\GovDefenceAgent\x64\ProfilerCheck.exe,,unknown,FileNotFound,2018-05-08 08:02:29,
C:\Program Files (x86)\360\360SafehX\360safe\SoftMgr\SoftMgr64.exe,a3ae743823528d3d38d8b33b9715f83ff72459c6,unknown,-,2018-06-06 04:09:08,
C:\Windows\System32\zipfldr.dll,d01e29deafe1680d620f686c4f9dab27f0fa424e,unknown,-,2018-06-08 16:21:06,
C:\Program Files (x86)\360\360SafehX\360safe\Utils\ScriptExecute.exe,dbcd2e1be83dbe6c36389441896f7f06022098e2,unknown,-,2018-07-16 08:43:02,
C:\Program Files (x86)\360\360SafehX\360safe\deepscan\npJSe1azU2,,unknown,FileNotFound,2018-07-20 20:46:30,
C:\Program Files (x86)\360\360SafehX\360safe\deepscan\t35Ogfq5aXQKz,,unknown,FileNotFound,2018-07-20 20:46:30,
C:\Program Files (x86)\360\360SafehX\360safe\deepscan\fbuPP8gT,,unknown,FileNotFound,2018-07-20 20:46:30,
C:\Program Files (x86)\360\360SafehX\360safe\deepscan\hrtTEDvTLZsDzh8wBpHOZYEY,,unknown,FileNotFound,2018-07-20 20:46:30,
C:\Program Files (x86)\360\360SafehX\360safe\deepscan\zhudongfangyu.exe,53915053b1c5330778a51459e9b20d39338a5cb9,unknown,-,2018-09-12 01:44:45,
C:\Program Files (x86)\360\360SafehX\360safe\LiveUpdate360.exe,d5c1bda74c16eed75695853b8f5cb5c6cbe14c5b,unknown,-,2018-09-19 01:49:25,
C:\Program Files (x86)\360\360SafehX\360safe\safemon\wdswfsafe.exe,b532bb017e3f575d801fad68d7404d006f460cca,unknown,-,2018-10-18 07:34:14,
C:\Program Files (x86)\360\360SafehX\360safe\safemon\wdswfsafe.exe,b532bb017e3f575d801fad68d7404d006f460cca,unknown,-,2018-10-31 21:29:11,
C:\ProgramData\aliyun\assist\1.0.0.114\aliyun_assist_update.exe,,unknown,FileNotFound,2018-11-21 09:47:40,
C:\ProgramData\aliyun\assist\1.0.0.114\aliyun_assist_service.exe,,unknown,FileNotFound,2018-11-21 09:47:40,
C:\Windows\Microsoft.NET\Framework64\v4.0.30319\mscorsvw.exe,da08c1d6a201639e13d00d58b3872c008778a4df,unknown,-,2019-03-27 18:09:06,
C:\Windows\Microsoft.NET\Framework\v4.0.30319\mscorsvw.exe,4d67f67c27d3177e3d34cc9a3db6e8150fe2c75d,unknown,-,2019-03-27 18:11:14,
C:\Windows\Microsoft.NET\Framework64\v4.0.30319\SMSvcHost.exe,833bc195bd5e56425045490c10400b11cebc23f2,unknown,-,2019-03-27 18:11:14,
C:\Windows\system32\wuapp.exe,f3c7899fb25f81ad166734b4dde69139edb30eb0,unknown,-,2019-04-09 14:52:09,
C:\Windows\system32\wuauclt.exe,75ec95ec851a4044335df3781ac630eea10a41c6,unknown,-,2019-04-09 14:52:09,
C:\Program Files (x86)\360\360SafehX\360safe\SoftMgr\SoftMgrExt64.dll,c031ffa60057c839e5021ccfc49736c4eb22380d,unknown,-,2019-05-06 12:48:49,
C:\Windows\System32\ExplorerFrame.dll,8d0e82823dad2b7f37f83aa6509dd1c25f3186e8,unknown,-,2019-05-25 00:03:59,
C:\Windows\System32\rdpclip.exe,41806e603446b48a8661bd282fc29ddc1f772bf5,unknown,-,2019-06-02 03:50:16,
C:\Program Files (x86)\360\360SafehX\360safe\Utils\360MsgCenter.exe,30993cb47598c150373c44c2c239a05cfe79c91a,unknown,-,2019-06-18 10:09:47,
C:\Program Files (x86)\360\360SafehX\360safe\Utils\ModuleUpdate.exe,6fc423cdc91a331798dc6f16c900f492a9f50c45,unknown,-,2019-06-18 10:09:49,
C:\Program Files (x86)\360\360SafehX\360safe\SoftMgr\SML\SMLProxy64.exe,056abb46a6cce6af4e664dd106f1e7e7a1cce545,unknown,-,2019-06-24 03:14:31,
C:\Program Files (x86)\360\360SafehX\360safe\360LeakFixer.exe,95003a938c2048100669aca68ea6cab61b85964d,unknown,-,2019-06-25 03:43:32,
C:\program files (x86)\360\360safehx\360safe\utils\360himmu.exe,f831327629a1a5e6643a28bc9f2d7ab2ee4c0fa6,unknown,-,2019-06-27 08:38:48,
C:\Program Files (x86)\Alibaba\Aegis\aegis_update\AliYunDunUpdate.exe,e8d103833eab23c334ef1bbd0ff201dd768d8013,unknown,-,2019-08-28 02:03:29,
C:\Program Files (x86)\Alibaba\Aegis\aegis_client\aegis_10_72\AliYunDun.exe,,unknown,FileNotFound,2019-08-30 05:53:12,
C:\Program Files (x86)\360\360SafehX\360safe\SoftMgr\SML\SMLProxy64.exe,056abb46a6cce6af4e664dd106f1e7e7a1cce545,unknown,-,2019-08-30 21:19:53,
C:\Program Files (x86)\360\360SafehX\360safe\netmon\NetmProxy64.exe,3306f6a0d8fc29a4869bce8936bed950c0323613,unknown,-,2019-11-04 09:15:53,
C:\Program Files (x86)\360\360SafehX\360safe\Safemon\DevicePro.exe,7e9f69fc217f6a4481bea1d87f87634621f8b20f,unknown,-,2019-11-07 03:40:42,
C:\Windows\system32\wermgr.exe,61223ff2ec074b12142c8b5ecaa14b65b4180b49,unknown,-,2019-11-18 03:13:43,
C:\Windows\system32\WerFault.exe,ec350d838f7acf8dcb793181f6d5bd86f5f9f0bd,unknown,-,2019-11-18 03:13:43,
C:\Windows\SysWOW64\WerFault.exe,322cf6eef576e268e4b9dd4abb843f7ffc876da9,unknown,-,2019-11-18 03:13:43,
C:\Windows\system32\lsass.exe,fb5c7f5eb8514ed89312f7505028dc99002db6f8,unknown,-,2019-11-18 04:15:52,
C:\Program Files (x86)\360\360SafehX\360safe\netmon\NetmProxy64.exe,3306f6a0d8fc29a4869bce8936bed950c0323613,unknown,-,2019-11-25 15:29:44,
C:\Users\Administrator\AppData\Roaming\secoresdk\360se6\Application\10.0.2233.0\360bdoctor.exe,,unknown,FileNotFound,2019-12-02 04:16:57,
C:\Program Files (x86)\360\360SafehX\360safe\modules\360PatchMgr.exe,2d118806b837726b6985f1fc93357c5642cc65ea,unknown,-,2019-12-04 07:33:36,
C:\Windows\system32\wuauclt.exe,75ec95ec851a4044335df3781ac630eea10a41c6,unknown,-,2019-12-10 08:16:14,
C:\Program Files\Internet Explorer\ieproxy.dll,fd5d5159de94a0d9295437e60103716d3617522f,unknown,-,2019-12-16 23:37:17,
C:\Windows\SysWOW64\ieframe.dll,edf07eb05e3009422d25f77d5b53338a694fa465,unknown,-,2019-12-16 23:56:50,
C:\Windows\System32\ieframe.dll,2462c81c88c84d7e2aed522b7b4d5fa79a31bbc7,unknown,-,2019-12-17 00:14:21,
C:\Program Files (x86)\Internet Explorer\IEXPLORE.EXE,3e84fd6051ee39ff040fe75e9662c26265b687dc,unknown,-,2019-12-18 16:47:54,
C:\Program Files\Internet Explorer\iexplore.exe,0e46cb7e96cae7efae63b8bd7bd10288ac09765f,unknown,-,2019-12-18 17:45:57,
C:\Program Files (x86)\360\360SafehX\360safe\safemon\WscReg.exe,876587ba848a4e5c7a60e919500828dc6f9f486a,unknown,-,2020-01-02 07:52:57,
C:\Windows\system32\lsass.exe,fb5c7f5eb8514ed89312f7505028dc99002db6f8,unknown,-,2020-01-03 02:55:50,
C:\Program Files (x86)\360\360SafehX\360safe\Utils\shell360ext64.dll,cddb97396a7baf016a2f0c90d8e1a782265d6805,unknown,-,2020-01-07 07:24:52,
C:\Windows\system32\lsass.exe,fb5c7f5eb8514ed89312f7505028dc99002db6f8,unknown,-,2020-01-11 02:09:58,
C:\Windows\system32\services.exe,7de6ce74303fdebfb21a518f28aa5c3b6b3a6c0d,unknown,-,2020-01-11 02:09:59,
C:\Program Files\Internet Explorer\iexplore.exe,0e46cb7e96cae7efae63b8bd7bd10288ac09765f,unknown,-,2020-01-11 02:09:59,
C:\Program Files (x86)\Internet Explorer\IEXPLORE.EXE,3e84fd6051ee39ff040fe75e9662c26265b687dc,unknown,-,2020-01-11 02:09:59,
C:\Windows\System32\ieframe.dll,2462c81c88c84d7e2aed522b7b4d5fa79a31bbc7,unknown,-,2020-01-11 02:10:04,
C:\Program Files (x86)\360\360SafehX\360safe\Utils\shell360ext64.dll,cddb97396a7baf016a2f0c90d8e1a782265d6805,unknown,-,2020-02-24 15:43:36,
C:\Program Files (x86)\360\360SafehX\360safe\safemon\360udiskguard64.dll,690ede49990d736f06128fff9dbeea70b4643410,unknown,-,2020-02-24 21:42:53,
C:\Users\Administrator\AppData\Roaming\360safe\SoftMgr\MultiTip.exe,1e77c449e5bf832f03dd64e5e7b153ebee611f4d,unknown,-,2020-03-11 12:32:48,
C:\Program Files (x86)\360\360SafehX\360safe\modules\360PatchMgr.exe,2d118806b837726b6985f1fc93357c5642cc65ea,unknown,-,2020-03-18 14:35:44,
C:\Program Files (x86)\360\360SafehX\360safe\modules\360PatchMgr64.exe,679c40f3d834880d0dccd47e88675defc0a6e3cd,unknown,-,2020-03-18 14:35:47,
C:\Users\Administrator\AppData\Roaming\360safe\SoftMgr\360DayPop.exe,12de07bd9a2a931e393dcd2929a352c523c9838f,unknown,-,2020-03-18 14:35:50,
C:\Program Files (x86)\360\360SafehX\360safe\modules\360EvtMgr.exe,25dfe0ba871463e1e7f7bf4f3589fd62c3b4dace,unknown,-,2020-03-30 20:53:50,
C:\Program Files (x86)\360\360SafehX\360safe\ipc\DataProt.exe,385b40705d2a5408ff4680930d4ab439b5f97e04,unknown,-,2020-04-02 07:59:01,
C:\Program Files (x86)\Alibaba\Aegis\PythonLoader\AliSecureCheckAdvanced.exe,9a5928af9f1a409ebf0f9863fb8f10135fe6b0a7,unknown,-,2020-04-10 02:56:28,
C:\Program Files (x86)\360\360SafehX\360safe\Utils\360SecLogon\360SecLogonHelper.exe,91fffe83741ccdce61445937d171f25c18c15671,unknown,-,2020-04-13 08:10:36,
C:\Program Files (x86)\360\360SafehX\360safe\360Safe.exe,e60b2d52ee50f5e90332644cd7c230b342a23104,unknown,-,2020-04-15 07:19:44,
C:\Program Files (x86)\Alibaba\Aegis\aegis_client\aegis_10_78\AliYunDun.exe,,unknown,FileNotFound,2020-04-15 11:06:58,
C:\Program Files (x86)\360\360SafehX\360safe\softmgr\SoftupNotify.exe,a8544adffbed4d227154f56b208f423e804c90eb,unknown,-,2020-04-16 13:36:56,
C:\Program Files (x86)\360\360SafehX\360safe\softmgr\360speedld.exe,61520017c055139917cc9a61bb6287dddc99e529,unknown,-,2020-04-22 13:48:29,
C:\Program Files (x86)\360\360SafehX\360safe\360DeskAna.exe,94b9b07c1498a761d9f24d05a9ebacea8eeb9b12,unknown,-,2020-04-22 13:48:31,
C:\Program Files (x86)\360\360SafehX\360safe\sweeper\360CleanHelper.exe,4c61ede3fa5f83f6c035d6ddc2ffa1f5b554b759,unknown,-,2020-04-22 13:48:34,
C:\Program Files (x86)\360\360SafehX\360safe\DumpUper.exe,b2cbda294c3f443b6fd5d7df75527ac5159de476,unknown,-,2020-04-23 13:01:20,
C:\Program Files (x86)\Alibaba\Aegis\aegis_update\AliYunDunUpdate.exe,e8d103833eab23c334ef1bbd0ff201dd768d8013,unknown,-,2020-04-23 19:26:54,
C:\Program Files (x86)\360\360SafehX\360safe\Utils\360IA.exe,8651d02ddaa423fbbf368c6129b49680183f8767,unknown,-,2020-04-29 11:54:20,
C:\Program Files (x86)\360\360SafehX\360safe\safemon\360Tray.exe,69b54a0471f3becc4266f849dd9c1163c1cfea2f,unknown,-,2020-05-01 02:19:28,
C:\Users\Administrator\AppData\Roaming\360Safe\SoftMgr\reader\Reader.exe,9f65fd8a6a5161cbc398c282b1b0dd15afb5285a,unknown,-,2020-05-11 08:40:50,
C:\Program Files (x86)\360\360SafehX\360safe\SoftMgr\SML\SoftMgrLite.exe,51ae98b125d5e39b02f604b70db97bd8b7c6aeae,unknown,-,2020-05-13 01:53:15,
C:\Program Files (x86)\360\360SafehX\360safe\modules\360EvtMgr.exe,25dfe0ba871463e1e7f7bf4f3589fd62c3b4dace,unknown,-,2020-05-17 05:49:54,
C:\Program Files (x86)\360\360SafehX\360safe\softmgr\360speedld.exe,61520017c055139917cc9a61bb6287dddc99e529,unknown,-,2020-05-20 06:56:15,
C:\Program Files (x86)\360\360SafehX\360safe\sweeper\360CleanHelper.exe,4c61ede3fa5f83f6c035d6ddc2ffa1f5b554b759,unknown,-,2020-05-20 06:56:34,
C:\Program Files (x86)\360\360SafehX\360safe\utils\360SecLogon\360SecLogonHelper.exe,91fffe83741ccdce61445937d171f25c18c15671,unknown,-,2020-05-20 08:26:50,
C:\Users\Administrator\AppData\Roaming\360safe\SoftMgr\MultiTip.exe,1e77c449e5bf832f03dd64e5e7b153ebee611f4d,unknown,-,2020-05-25 13:44:15,
C:\Program Files (x86)\360\360SafehX\360safe\SoftMgr\360speedld.exe,61520017c055139917cc9a61bb6287dddc99e529,unknown,-,2020-05-25 13:44:16,
C:\Program Files (x86)\360\360SafehX\360safe\SoftMgr\SML\SoftMgrLite.exe,51ae98b125d5e39b02f604b70db97bd8b7c6aeae,unknown,-,2020-05-26 19:45:22,
C:\Program Files (x86)\360\360SafehX\360safe\Utils\360IA.exe,8651d02ddaa423fbbf368c6129b49680183f8767,unknown,-,2020-06-02 18:00:07,
C:\Program Files (x86)\360\360SafehX\360safe\modules\360PatchMgr.exe,2d118806b837726b6985f1fc93357c5642cc65ea,unknown,-,2020-06-08 09:26:02,
C:\Program Files (x86)\360\360SafehX\360safe\modules\360PatchMgr64.exe,679c40f3d834880d0dccd47e88675defc0a6e3cd,unknown,-,2020-06-08 09:26:24,
C:\Program Files (x86)\Alibaba\Aegis\AliHips\AliHips.exe,add238fd6a24a9efc36e3327e2c593ec36c38dfa,unknown,-,2020-06-09 01:21:39,
C:\Program Files (x86)\Alibaba\Aegis\AliSecGuard\AliSecGuard.exe,c3f8101508c7688ad885fc63e1bf5bdcf0530e27,unknown,-,2020-06-09 01:43:40,
C:\Program Files (x86)\Alibaba\Aegis\AliHips\AliHips.exe,add238fd6a24a9efc36e3327e2c593ec36c38dfa,unknown,-,2020-06-16 03:16:58,
C:\Program Files (x86)\360\360SafehX\360safe\Utils\ScriptExecute.exe,dbcd2e1be83dbe6c36389441896f7f06022098e2,unknown,-,2020-07-14 14:04:34,
C:\Program Files (x86)\360\360SafehX\360safe\safemon\360LogCenter.exe,235c0def74abe87225813f1686c58c099328e6ef,unknown,-,2020-07-20 10:17:01,
C:\Program Files (x86)\360\360SafehX\360safe\safemon\360LogCenter.exe,235c0def74abe87225813f1686c58c099328e6ef,unknown,-,2020-08-14 13:02:07,
C:\Program Files (x86)\360\360SafehX\360safe\safemon\360settingcenter.exe,f532704039182319205809e768a2a59e51350377,unknown,-,2020-08-27 08:40:22,
C:\Program Files (x86)\360\360SafehX\360safe\360leakfixer.exe,95003a938c2048100669aca68ea6cab61b85964d,unknown,-,2020-09-22 21:33:42,
C:\Program Files (x86)\SogouWBInput\4.0.0.1948\ScdReg.exe,d8b7bf921383ba2cf3cff0f0923522c9a0d46b7a,unknown,-,2020-10-28 12:02:58,
C:\Program Files (x86)\SogouWBInput\4.0.0.1948\ConfigIE.exe,9b6001739968fe00c3ccac49a7b31fc4623c8dd9,unknown,-,2020-10-28 12:02:58,
C:\Program Files (x86)\SogouWBInput\4.0.0.1948\ErrorReport.exe,5a5158a47687fb73a1ba1f3b6599b49f060a165d,unknown,-,2020-10-28 12:02:58,
C:\Program Files (x86)\SogouWBInput\4.0.0.1948\ImeUtil.exe,a9c1a710178417ac88e3ac4701be443ec8c36e15,unknown,-,2020-10-28 12:02:58,
C:\Program Files (x86)\SogouWBInput\4.0.0.1948\WubiUp.exe,c7a6ad41575f38ec8173d777bcebc6bfa088c487,unknown,-,2020-10-28 12:02:58,
C:\Windows\SysWOW64\SogouWB.ime,574091206aee2c63ea767519e52f0e0c2d82da59,unknown,-,2020-10-28 12:02:58,
C:\Program Files (x86)\360\360SafehX\360safe\safemon\360udiskguard64.dll,690ede49990d736f06128fff9dbeea70b4643410,unknown,-,2020-10-30 18:50:02,
C:\Program Files (x86)\360\360SafehX\360safe\safemon\360SoftPrivMgr.exe,6b21d87fc505eec75272a71d91bde7d26f410a93,unknown,-,2020-11-11 01:18:53,
C:\Program Files (x86)\360\360SafehX\360safe\Utils\360SecLogon\360SecLogonHelper.exe,91fffe83741ccdce61445937d171f25c18c15671,unknown,-,2020-12-09 09:33:52,
C:\Program Files (x86)\360\360SafehX\360safe\SoftMgr\SoftManager.exe,1097c63d91b365b9a29849007f96c1964b7bebcd,unknown,-,2020-12-10 01:55:52,
C:\Program Files (x86)\360\360SafehX\360safe\SoftMgr\SoftMgrExt64.dll,c031ffa60057c839e5021ccfc49736c4eb22380d,unknown,-,2020-12-10 01:55:58,
C:\Program Files (x86)\360\360SafehX\360safe\DumpUper.exe,b2cbda294c3f443b6fd5d7df75527ac5159de476,unknown,-,2021-01-13 00:50:58,
C:\Program Files (x86)\360\360SafehX\360safe\SoftMgr\SoftupNotify.exe,a8544adffbed4d227154f56b208f423e804c90eb,unknown,-,2021-02-05 15:35:57,
C:\Program Files (x86)\360\360SafehX\360safe\SoftMgr\SDIS.exe,5f6cdd2463e0323a2e3212cc05b37547aba9b963,unknown,-,2021-02-05 15:35:58,
C:\Program Files (x86)\360\360SafehX\360safe\sweeper\360CleanHelper.exe,4c61ede3fa5f83f6c035d6ddc2ffa1f5b554b759,unknown,-,2021-02-10 05:29:39,
C:\Program Files (x86)\360\360SafehX\360safe\deepscan\zhudongfangyu.exe,53915053b1c5330778a51459e9b20d39338a5cb9,unknown,-,2021-03-03 08:49:08,
C:\Program Files (x86)\360\360SafehX\360safe\Safemon\NetworkPenetratePro.exe,1c7c745365c303a96b9031a482fd5d2ba8a79901,unknown,-,2021-03-17 17:54:48,
C:\Program Files (x86)\360\360SafehX\360safe\softmgr\360speedld.exe,61520017c055139917cc9a61bb6287dddc99e529,unknown,-,2021-03-19 12:43:39,
C:\Program Files (x86)\360\360SafehX\360safe\safemon\360tray.exe,69b54a0471f3becc4266f849dd9c1163c1cfea2f,unknown,-,2021-03-24 14:52:27,
C:\Program Files (x86)\Alibaba\Aegis\PythonLoader\AliSecureCheckAdvanced.exe,9a5928af9f1a409ebf0f9863fb8f10135fe6b0a7,unknown,-,2021-03-25 06:37:58,
C:\Program Files (x86)\Alibaba\Aegis\aegis_client\aegis_10_94\AegisRunAgent.exe,,unknown,FileNotFound,2021-04-01 09:52:54,
C:\Program Files (x86)\Alibaba\Aegis\aegis_client\aegis_10_94\AliYunDun.exe,,unknown,FileNotFound,2021-04-01 09:52:54,
C:\Program Files (x86)\360\360SafehX\360safe\360Safe.exe,e60b2d52ee50f5e90332644cd7c230b342a23104,unknown,-,2021-04-04 06:39:53,
C:\Program Files (x86)\Alibaba\Aegis\aegis_update\AliYunDunUpdate.exe,e8d103833eab23c334ef1bbd0ff201dd768d8013,unknown,-,2021-04-15 01:33:03,
C:\Program Files (x86)\360\360SafehX\360safe\SoftMgr\SML\SoftMgrLite.exe,51ae98b125d5e39b02f604b70db97bd8b7c6aeae,unknown,-,2021-05-07 03:32:25,
C:\Program Files (x86)\360\360SafehX\360safe\modules\360EvtMgr.exe,25dfe0ba871463e1e7f7bf4f3589fd62c3b4dace,unknown,-,2021-05-08 03:47:06,
C:\Users\Administrator\AppData\Roaming\360safe\SoftMgr\360DayPop.exe,12de07bd9a2a931e393dcd2929a352c523c9838f,unknown,-,2021-05-10 03:48:26,
C:\Program Files (x86)\360\360SafehX\360safe\Utils\360rili\360CalendarInject64.exe,019f2dbea574ff44bd6f00eb7f44972b45c01574,unknown,-,2021-05-17 12:14:56,
C:\Users\Administrator\AppData\Roaming\360safe\SoftMgr\MultiTip.exe,1e77c449e5bf832f03dd64e5e7b153ebee611f4d,unknown,-,2021-05-19 11:51:42,
C:\360Downloads\Software\360SoftMgrSafeRun\ÐéÄâÄÚ´æ²»×ãÐÞ¸´·½°¸_1.0.0.0.exe,,unknown,FileNotFound,2021-05-25 02:58:56,
C:\Program Files (x86)\360\360SafehX\360safe\SoftMgr\SDIS.exe,5f6cdd2463e0323a2e3212cc05b37547aba9b963,unknown,-,2021-06-01 15:35:29,
C:\Program Files (x86)\360\360SafehX\360safe\SoftMgr\SML\SoftMgrLite.exe,51ae98b125d5e39b02f604b70db97bd8b7c6aeae,unknown,-,2021-06-06 01:23:11,
C:\Program Files (x86)\Alibaba\Aegis\PythonLoader\AliSecureCheckAdvanced.exe,9a5928af9f1a409ebf0f9863fb8f10135fe6b0a7,unknown,-,2021-06-09 07:23:34,
C:\Program Files (x86)\360\360SafehX\360safe\safemon\360Tray.exe,69b54a0471f3becc4266f849dd9c1163c1cfea2f,unknown,-,2021-06-11 22:23:35,
C:\Users\Administrator\AppData\Roaming\360safe\SoftMgr\MultiTip.exe,1e77c449e5bf832f03dd64e5e7b153ebee611f4d,unknown,-,2021-06-23 01:11:30,
C:\Users\Administrator\AppData\Roaming\360safe\DesktopRest\Utils\DesktopRest\DesktopRest.exe,d6248b75806ba19f307f9d7aea5b76bdd6447682,unknown,-,2021-06-23 19:12:31,
C:\Program Files (x86)\360\360SafehX\360safe\Utils\DesktopRest\DesktopRest.exe,d6248b75806ba19f307f9d7aea5b76bdd6447682,unknown,-,2021-06-23 19:12:31,
C:\Program Files (x86)\Alibaba\Aegis\aegis_client\aegis_11_02\AliYunDun.exe,,unknown,FileNotFound,2021-06-28 08:30:34,
C:\Program Files (x86)\360\360SafehX\360safe\deepscan\DSMain.exe,e1c50782e5f6f2bb625e8fa50c4670cecd025e57,unknown,-,2021-06-29 02:21:12,
C:\Program Files (x86)\360\360SafehX\360safe\deepscan\RsOJBMERxN0POyvxZn.exe,,unknown,FileNotFound,2021-06-29 02:21:12,
C:\Program Files (x86)\360\360SafehX\360safe\deepscan\OR9WEHDOP9lf.exe,,unknown,FileNotFound,2021-06-29 02:21:12,
C:\Program Files (x86)\360\360SafehX\360safe\softmgr\SoftupNotify.exe,a8544adffbed4d227154f56b208f423e804c90eb,unknown,-,2021-06-30 07:51:57,
C:\Program Files (x86)\360\360SafehX\360safe\Utils\ModuleUpdate.exe,6fc423cdc91a331798dc6f16c900f492a9f50c45,unknown,-,2021-07-06 02:44:34,
C:\Program Files (x86)\Alibaba\Aegis\aegis_update\AliYunDunUpdate.exe,e8d103833eab23c334ef1bbd0ff201dd768d8013,unknown,-,2021-07-16 07:12:24,
C:\Program Files (x86)\Alibaba\Aegis\AliSecGuard\AliSecGuard.exe,c3f8101508c7688ad885fc63e1bf5bdcf0530e27,unknown,-,2021-07-19 05:00:09,
C:\Program Files (x86)\360\360SafehX\360safe\safemon\WscReg.exe,876587ba848a4e5c7a60e919500828dc6f9f486a,unknown,-,2021-07-19 19:01:34,
C:\Program Files (x86)\Alibaba\Aegis\aegis_update\AliYunDunUpdate.exe,e8d103833eab23c334ef1bbd0ff201dd768d8013,unknown,-,2021-07-21 02:51:25,
C:\Program Files (x86)\Alibaba\Aegis\aegis_update\AliYunDunUpdate.exe,e8d103833eab23c334ef1bbd0ff201dd768d8013,unknown,-,2021-07-21 10:51:00,
C:\Program Files (x86)\360\360SafehX\360safe\softmgr\360speedld.exe,61520017c055139917cc9a61bb6287dddc99e529,unknown,-,2021-07-21 19:03:15,
C:\Program Files (x86)\Alibaba\Aegis\AliSecGuard\AliSecGuard.exe,c3f8101508c7688ad885fc63e1bf5bdcf0530e27,unknown,-,2021-07-26 11:22:44,
C:\Program Files (x86)\360\360SafehX\360safe\SoftMgr\SML\SoftMgrLite.exe,51ae98b125d5e39b02f604b70db97bd8b7c6aeae,unknown,-,2021-07-30 13:41:02,
C:\Program Files (x86)\Alibaba\Aegis\AliNet\AliNetFilter.exe,0b0885c242a8d63547d991b0d051912d34829875,unknown,-,2021-08-01 00:59:21,
C:\Program Files (x86)\Alibaba\Aegis\AliHips\AliHips.exe,add238fd6a24a9efc36e3327e2c593ec36c38dfa,unknown,-,2021-08-01 01:01:32,
C:\Users\Administrator\AppData\Roaming\360Safe\SoftMgr\SimpleIME.exe,,unknown,FileNotFound,2021-08-01 01:12:35,
C:\Program Files (x86)\360\360SafehX\360safe\deepscan\zWU3N2wOy,,unknown,FileNotFound,2021-08-01 01:17:26,
C:\Program Files (x86)\360\360SafehX\360safe\deepscan\FTlMtaY3j,,unknown,FileNotFound,2021-08-01 01:17:27,
C:\Users\Administrator\AppData\Roaming\360safe\SoftMgr\MultiTip.exe,1e77c449e5bf832f03dd64e5e7b153ebee611f4d,unknown,-,2021-08-04 01:57:48,
C:\Program Files (x86)\360\360SafehX\360safe\SoftMgr\SoftMgr.exe,742a16a50e2a96f17b8612634210b2682151a6fc,unknown,-,2021-08-08 02:19:37,
C:\Program Files (x86)\Alibaba\Aegis\AliHips\AliHips.exe,add238fd6a24a9efc36e3327e2c593ec36c38dfa,unknown,-,2021-08-08 04:45:39,
C:\Program Files (x86)\Alibaba\Aegis\AliWebguard\AliWebGuard.exe,,unknown,FileNotFound,2021-08-09 20:57:32,
C:\Program Files (x86)\Alibaba\Aegis\AliNet\AliNetFilter.exe,0b0885c242a8d63547d991b0d051912d34829875,unknown,-,2021-08-09 20:59:35,
C:\Program Files (x86)\Alibaba\Aegis\AliWebguard\AliWebGuard.exe,,unknown,FileNotFound,2021-08-10 01:08:23,
C:\Program Files (x86)\Alibaba\Aegis\AliNet\AliNetFilter.exe,0b0885c242a8d63547d991b0d051912d34829875,unknown,-,2021-08-10 01:10:06,
C:\Program Files (x86)\Alibaba\Aegis\AliNet\AliNetFilter.exe,0b0885c242a8d63547d991b0d051912d34829875,unknown,-,2021-08-12 10:51:13,
C:\Program Files (x86)\Alibaba\Aegis\AliWebguard\AliWebGuard.exe,,unknown,FileNotFound,2021-08-12 12:01:15,
C:\Program Files (x86)\360\360SafehX\360safe\safemon\360Tray.exe,69b54a0471f3becc4266f849dd9c1163c1cfea2f,unknown,-,2021-08-12 16:26:55,
C:\Program Files (x86)\Alibaba\Aegis\AliWebguard\AliWebGuard.exe,,unknown,FileNotFound,2021-08-13 01:07:44,
C:\Program Files (x86)\Alibaba\Aegis\AliNet\AliNetFilter.exe,0b0885c242a8d63547d991b0d051912d34829875,unknown,-,2021-08-13 01:09:25,
C:\Program Files (x86)\360\360SafehX\360safe\deepscan\pd5cl0QorXrjUb,,unknown,FileNotFound,2021-08-13 02:45:08,
C:\Program Files (x86)\360\360SafehX\360safe\deepscan\xkVo0nT,,unknown,FileNotFound,2021-08-13 02:45:09,
C:\Program Files (x86)\Alibaba\Aegis\AliDetect\AliDetect.exe,,unknown,FileNotFound,2021-08-13 02:47:52,
C:\Program Files (x86)\Alibaba\Aegis\AliWebguard\AliWebGuard.exe,,unknown,FileNotFound,2021-08-13 02:48:06,
C:\Program Files (x86)\Alibaba\Aegis\AliNet\AliNetFilter.exe,0b0885c242a8d63547d991b0d051912d34829875,unknown,-,2021-08-13 02:49:46,
C:\360Downloads\Software\Â©¶´²¹¶¡Ä¿Â¼\windows-kb890830-x64-v5.92_2d5ff515619c04f693a5c3b15333be947b265b3d.exe,,unknown,FileNotFound,2021-08-13 06:05:42,
C:\Program Files (x86)\Alibaba\Aegis\AliWebguard\AliWebGuard.exe,,unknown,FileNotFound,2021-08-13 07:49:42,
C:\Program Files (x86)\Alibaba\Aegis\AliNet\AliNetFilter.exe,0b0885c242a8d63547d991b0d051912d34829875,unknown,-,2021-08-13 07:51:43,
C:\Program Files (x86)\360\360SafehX\360safe\safemon\360RealPro.exe,7027a1cb2db4eb7c6403a3cffc5eb16d98833bf0,unknown,-,2021-08-13 09:09:29,
C:\Program Files (x86)\Alibaba\Aegis\AliWebguard\AliWebGuard.exe,,unknown,FileNotFound,2021-08-13 12:51:27,
C:\Program Files (x86)\Alibaba\Aegis\AliNet\AliNetFilter.exe,0b0885c242a8d63547d991b0d051912d34829875,unknown,-,2021-08-13 12:53:28,
C:\Program Files (x86)\Alibaba\Aegis\AliWebguard\AliWebGuard.exe,,unknown,FileNotFound,2021-08-13 17:53:14,
C:\Program Files (x86)\Alibaba\Aegis\AliNet\AliNetFilter.exe,0b0885c242a8d63547d991b0d051912d34829875,unknown,-,2021-08-13 17:55:15,
C:\Program Files (x86)\Alibaba\Aegis\AliWebguard\AliWebGuard.exe,,unknown,FileNotFound,2021-08-13 22:55:00,
C:\Program Files (x86)\Alibaba\Aegis\AliNet\AliNetFilter.exe,0b0885c242a8d63547d991b0d051912d34829875,unknown,-,2021-08-13 22:57:03,
C:\Program Files (x86)\360\360SafehX\360safe\Utils\DesktopRest\DesktopRest.exe,d6248b75806ba19f307f9d7aea5b76bdd6447682,unknown,-,2021-08-24 00:03:20,
C:\Users\Administrator\AppData\Roaming\360safe\DesktopRest\Utils\DesktopRest\DesktopRest.exe,d6248b75806ba19f307f9d7aea5b76bdd6447682,unknown,-,2021-08-24 00:03:20,
C:\Program Files (x86)\360\360SafehX\360safe\safemon\WscReg.exe,876587ba848a4e5c7a60e919500828dc6f9f486a,unknown,-,2021-09-18 02:14:46,
C:\Program Files (x86)\360\360SafehX\360safe\safemon\360PayInsure.exe,575cf58bd1308817a88e08d32ae71d6fb2969e5f,unknown,-,2021-09-22 06:17:00,
C:\Program Files (x86)\360\360SafehX\360safe\modules\360EvtMgr.exe,25dfe0ba871463e1e7f7bf4f3589fd62c3b4dace,unknown,-,2021-11-16 06:58:21,
C:\Program Files (x86)\360\360SafehX\360safe\sweeper\360WeekReport.exe,8b9bce3cfb2b1a3c1fb92b3419aef05e83fa04ec,unknown,-,2021-11-23 02:16:19,
C:\Program Files (x86)\360\360SafehX\360safe\SoftMgr\SoftMgrExt64.dll,c031ffa60057c839e5021ccfc49736c4eb22380d,unknown,-,2021-12-23 02:22:16,
C:\program files (x86)\360\360safehx\360safe\utils\360himmu.exe,f831327629a1a5e6643a28bc9f2d7ab2ee4c0fa6,unknown,-,2022-01-16 21:35:11,
C:\Program Files (x86)\360\360SafehX\360safe\Utils\360SecLogon\360SecLogonHelper.exe,91fffe83741ccdce61445937d171f25c18c15671,unknown,-,2022-02-07 10:51:24,
C:\Program Files (x86)\360\360SafehX\360safe\modules\360PatchMgr64.exe,679c40f3d834880d0dccd47e88675defc0a6e3cd,unknown,-,2022-03-01 08:50:23,
C:\Program Files (x86)\360\360SafehX\360safe\modules\360PatchMgr.exe,2d118806b837726b6985f1fc93357c5642cc65ea,unknown,-,2022-03-01 08:50:23,
C:\Program Files (x86)\Alibaba\Aegis\PythonLoader\AliSecureCheckAdvanced.exe,9a5928af9f1a409ebf0f9863fb8f10135fe6b0a7,unknown,-,2022-03-10 05:57:52,
C:\Users\Administrator\AppData\Roaming\secoresdk\360se6\Application\13.1.5270.0\360bdoctor.exe,7f78b1cd927e5d38e265d982537cd0ac4790502d,unknown,-,2022-03-21 03:29:57,
C:\Program Files (x86)\360\360SafehX\360safe\deepscan\DSMain.exe,e1c50782e5f6f2bb625e8fa50c4670cecd025e57,unknown,-,2022-04-01 06:47:06,
C:\Program Files (x86)\360\360SafehX\360safe\LiveUpdate360.exe,d5c1bda74c16eed75695853b8f5cb5c6cbe14c5b,unknown,-,2022-05-23 03:22:51,
C:\Program Files (x86)\360\360SafehX\360safe\SoftMgr\SML\SoftMgrLite.exe,51ae98b125d5e39b02f604b70db97bd8b7c6aeae,unknown,-,2022-06-07 11:11:34,
C:\Program Files (x86)\360\360SafehX\360safe\360leakfixer.exe,95003a938c2048100669aca68ea6cab61b85964d,unknown,-,2022-06-29 07:05:13,
C:\Program Files (x86)\360\360SafehX\360safe\360DeskAna.exe,94b9b07c1498a761d9f24d05a9ebacea8eeb9b12,unknown,-,2022-07-05 09:30:41,
C:\Program Files (x86)\360\360SafehX\360safe\Utils\ModuleUpdate.exe,6fc423cdc91a331798dc6f16c900f492a9f50c45,unknown,-,2022-07-25 04:40:48,
C:\Program Files (x86)\360\360SafehX\360safe\sweeper\360CleanHelper.exe,4c61ede3fa5f83f6c035d6ddc2ffa1f5b554b759,unknown,-,2022-08-04 10:40:04,
C:\Program Files (x86)\360\360SafehX\360safe\SoftMgr\softupnotify.exe,a8544adffbed4d227154f56b208f423e804c90eb,unknown,-,2022-08-11 08:37:54,
C:\Program Files (x86)\360\360SafehX\360safe\deepscan\ZhuDongFangYu.exe,53915053b1c5330778a51459e9b20d39338a5cb9,unknown,-,2022-08-12 09:18:53,
C:\ProgramData\aliyun\assist\2.1.3.326\aliyun_assist_service.exe,,unknown,FileNotFound,2022-08-24 00:33:59,
C:\Program Files (x86)\360\360SafehX\360safe\Utils\360rili\360clock.exe,02208db751782c92cb00f258562cd67cbcfc7686,unknown,-,2022-08-24 13:04:56,
C:\Program Files (x86)\360\360SafehX\360safe\safemon\360tray.exe,69b54a0471f3becc4266f849dd9c1163c1cfea2f,unknown,-,2022-08-29 08:34:45,
C:\Program Files (x86)\360\360SafehX\360safe\Utils\360SkinView.exe,bb22fb630f547c6d9e3d614a5312eabd8fb6ae6e,unknown,-,2022-09-01 10:00:45,
C:\Program Files (x86)\Alibaba\Aegis\hbrclient\client\hbrclient.exe,b856a2d2ed0e315e72a273b4f2300404fd980082,unknown,-,2022-09-13 07:39:52,
C:\Program Files (x86)\360\360SafehX\360safe\utils\360UHelper.exe,4073131f017c6005283026da5572068fdda79091,unknown,-,2022-09-15 13:24:52,
C:\Program Files (x86)\Alibaba\Aegis\aegis_client\aegis_11_38\AliYunDun.exe,,unknown,FileNotFound,2022-09-16 06:08:14,
C:\Program Files (x86)\360\360SafehX\360safe\360Safe.exe,e60b2d52ee50f5e90332644cd7c230b342a23104,unknown,-,2022-09-19 09:00:01,
C:\Program Files (x86)\360\360SafehX\360safe\softmgr\360speedld.exe,61520017c055139917cc9a61bb6287dddc99e529,unknown,-,2022-09-22 10:33:35,
C:\Program Files (x86)\360\360SafehX\360safe\safemon\360UDiskGuard64.dll,690ede49990d736f06128fff9dbeea70b4643410,unknown,-,2022-09-28 07:33:48,
C:\Program Files (x86)\Alibaba\Aegis\aegis_update\AliYunDunUpdate.exe,e8d103833eab23c334ef1bbd0ff201dd768d8013,unknown,-,2022-09-28 07:43:34,
C:\Users\Administrator\AppData\Roaming\360safe\SoftMgr\MultiTip.exe,1e77c449e5bf832f03dd64e5e7b153ebee611f4d,unknown,-,2022-09-28 09:19:49,
C:\Program Files (x86)\Alibaba\Aegis\AliHips\AliHips.exe,add238fd6a24a9efc36e3327e2c593ec36c38dfa,unknown,-,2022-10-01 23:20:32,
C:\Program Files (x86)\Alibaba\Aegis\AliSecGuard\AliSecGuard.exe,c3f8101508c7688ad885fc63e1bf5bdcf0530e27,unknown,-,2022-10-02 00:11:54,
C:\Program Files (x86)\Alibaba\Aegis\AliWebguard\AliWebGuard.exe,,unknown,FileNotFound,2022-10-02 12:19:26,
C:\Program Files (x86)\Alibaba\Aegis\DumpCheck\DumpCheck.exe,,unknown,FileNotFound,2022-10-03 02:00:16,
C:\Program Files (x86)\Alibaba\Aegis\AliNet\AliNetFilter.exe,0b0885c242a8d63547d991b0d051912d34829875,unknown,-,2022-10-03 02:00:33,
C:\Program Files (x86)\Alibaba\Aegis\AliHips\AliHips.exe,add238fd6a24a9efc36e3327e2c593ec36c38dfa,unknown,-,2022-10-03 02:00:47,
C:\Program Files (x86)\Alibaba\Aegis\AliSecGuard\AliSecGuard.exe,c3f8101508c7688ad885fc63e1bf5bdcf0530e27,unknown,-,2022-10-03 02:00:52,
C:\Program Files (x86)\Alibaba\Aegis\AliWebguard\AliWebGuard.exe,,unknown,FileNotFound,2022-10-03 02:01:17,
C:\Program Files (x86)\Alibaba\Aegis\AliNet\AliNetFilter.exe,0b0885c242a8d63547d991b0d051912d34829875,unknown,-,2022-10-03 02:01:20,
C:\Program Files (x86)\Alibaba\Aegis\AliWebguard\AliWebGuard.exe,,unknown,FileNotFound,2022-10-03 02:36:30,
C:\Program Files (x86)\Alibaba\Aegis\AliNet\AliNetFilter.exe,0b0885c242a8d63547d991b0d051912d34829875,unknown,-,2022-10-03 02:36:35,
C:\Program Files (x86)\360\360SafehX\360safe\deepscan\LsjnjRu,,unknown,FileNotFound,2022-10-03 02:51:04,
C:\Program Files (x86)\360\360SafehX\360safe\deepscan\UCbT0lLY4tNC,,unknown,FileNotFound,2022-10-03 02:51:05,
C:\aegis_checker.exe,,unknown,FileNotFound,2022-10-06 00:23:51,
C:\Program Files (x86)\Alibaba\Aegis\aegis_update\AliYunDunUpdate.exe,e8d103833eab23c334ef1bbd0ff201dd768d8013,unknown,-,2022-10-06 17:25:51,
C:\Program Files (x86)\Alibaba\Aegis\AliSecGuard\AliSecGuard.exe,c3f8101508c7688ad885fc63e1bf5bdcf0530e27,unknown,-,2022-10-11 06:49:22,
C:\Program Files (x86)\Alibaba\Aegis\DumpCheck\DumpCheck.exe,,unknown,FileNotFound,2022-10-11 07:21:18,
C:\Program Files (x86)\Alibaba\Aegis\AliSecGuard\AliSecGuard.exe,c3f8101508c7688ad885fc63e1bf5bdcf0530e27,unknown,-,2022-10-11 07:21:55,
C:\Users\Administrator\AppData\Roaming\360Safe\SoftMgr\SimpleIME.exe,,unknown,FileNotFound,2022-10-11 13:17:16,
C:\Program Files (x86)\Alibaba\Aegis\AliSecGuard\AliSecGuard.exe,c3f8101508c7688ad885fc63e1bf5bdcf0530e27,unknown,-,2022-10-12 07:38:53,
C:\Program Files (x86)\Alibaba\Aegis\AliSecGuard\AliSecGuard.exe,c3f8101508c7688ad885fc63e1bf5bdcf0530e27,unknown,-,2022-10-13 07:50:52,
C:\Program Files (x86)\Alibaba\Aegis\AliSecGuard\AliSecGuard.exe,c3f8101508c7688ad885fc63e1bf5bdcf0530e27,unknown,-,2022-10-14 08:03:25,
C:\Program Files (x86)\Alibaba\Aegis\AliSecGuard\AliSecGuard.exe,c3f8101508c7688ad885fc63e1bf5bdcf0530e27,unknown,-,2022-10-15 08:16:06,
C:\Program Files (x86)\Alibaba\Aegis\AliSecGuard\AliSecGuard.exe,c3f8101508c7688ad885fc63e1bf5bdcf0530e27,unknown,-,2022-10-16 08:28:56,
C:\Program Files (x86)\Alibaba\Aegis\AliSecGuard\AliSecGuard.exe,c3f8101508c7688ad885fc63e1bf5bdcf0530e27,unknown,-,2022-10-17 08:41:20,
